Congestion,d,alpha_M,Equilibrium index,"A strategy (L,H)","B strategy (L,H)",Underlying expected welfare,CCAR operator-utility sum,Full-information first-best welfare,Welfare gap,Number of pure BNE,Equilibrium set switched from prior grid point
Medium,0.6,0.5,1,"(P,P)","(P,P)",3.089085029457019,3.089085029457019,3.1390850294570187,0.04999999999999982,1,False
Medium,0.6,0.55,1,"(P,P)","(P,P)",3.089085029457019,3.089085029457019,3.1390850294570187,0.04999999999999982,1,False
Medium,0.6,0.6,1,"(P,P)","(P,P)",3.089085029457019,3.089085029457019,3.1390850294570187,0.04999999999999982,1,False
Medium,0.6,0.65,1,"(P,P)","(P,P)",3.089085029457019,3.089085029457019,3.1390850294570187,0.04999999999999982,1,False
Medium,0.6,0.7,1,"(P,P)","(P,P)",3.089085029457019,3.089085029457019,3.1390850294570187,0.04999999999999982,1,False
Medium,0.6,0.75,1,"(P,M)","(P,P)",2.815154546021659,2.5938280421100153,3.1390850294570187,0.3239304834353596,2,True
Medium,0.6,0.75,2,"(P,P)","(P,M)",2.8151545460216587,2.5938280421100153,3.1390850294570187,0.32393048343536,2,True
Medium,0.6,0.8,1,"(P,M)","(P,M)",2.1928832886574043,2.0158220855280895,3.1390850294570187,0.9462017407996144,1,True
Medium,0.6,0.85,1,"(P,M)","(P,M)",2.1928832886574043,2.060087386310418,3.1390850294570187,0.9462017407996144,1,False
Medium,0.6,0.9,1,"(P,M)","(P,M)",2.1928832886574043,2.1043526870927467,3.1390850294570187,0.9462017407996144,1,False
Medium,0.6,0.95,1,"(P,M)","(P,M)",2.1928832886574043,2.1486179878750757,3.1390850294570187,0.9462017407996144,1,False
Medium,0.6,1.0,1,"(P,M)","(P,M)",2.1928832886574043,2.1928832886574043,3.1390850294570187,0.9462017407996144,1,False
High,1.0,0.5,1,"(P,P)","(P,P)",6.881808382428366,6.881808382428366,7.3852377939372555,0.5034294115088898,1,False
High,1.0,0.55,1,"(P,P)","(P,P)",6.881808382428366,6.881808382428366,7.3852377939372555,0.5034294115088898,1,False
High,1.0,0.6,1,"(P,P)","(P,P)",6.881808382428366,6.881808382428366,7.3852377939372555,0.5034294115088898,1,False
High,1.0,0.65,1,"(P,P)","(P,P)",6.881808382428366,6.881808382428366,7.3852377939372555,0.5034294115088898,1,False
High,1.0,0.7,1,"(P,P)","(P,P)",6.881808382428366,6.881808382428366,7.3852377939372555,0.5034294115088898,1,False
High,1.0,0.75,1,"(P,P)","(P,P)",6.881808382428366,6.881808382428366,7.3852377939372555,0.5034294115088898,1,False
High,1.0,0.8,1,"(P,P)","(P,P)",6.881808382428366,6.881808382428366,7.3852377939372555,0.5034294115088898,1,False
High,1.0,0.85,1,"(P,P)","(P,P)",6.881808382428366,6.881808382428366,7.3852377939372555,0.5034294115088898,1,False
High,1.0,0.9,1,"(P,P)","(P,P)",6.881808382428366,6.881808382428366,7.3852377939372555,0.5034294115088898,1,False
High,1.0,0.95,1,"(P,P)","(P,P)",6.881808382428366,6.881808382428366,7.3852377939372555,0.5034294115088898,1,False
High,1.0,1.0,1,"(P,P)","(P,P)",6.881808382428366,6.881808382428366,7.3852377939372555,0.5034294115088898,1,False
