Mechanism,Congestion,d,c_L,c_H,alpha_M,Equilibrium index,"A strategy (L,H)","B strategy (L,H)",Underlying expected welfare,Full-information first-best welfare,Number of pure BNE
Baseline,Low,0.3,1.0,1.1,1.0,1,"(M,M)","(M,M)",0.0,0.7640946521519896,1
Baseline,Low,0.3,1.0,1.2,1.0,1,"(M,M)","(M,M)",0.0,0.7390946521519897,1
Baseline,Low,0.3,1.0,1.3,1.0,1,"(M,M)","(M,M)",0.0,0.7140946521519895,1
Baseline,Low,0.3,1.0,1.4,1.0,1,"(M,M)","(M,M)",0.0,0.6890946521519896,1
Baseline,Low,0.3,1.0,1.5,1.0,1,"(M,M)","(M,M)",0.0,0.6640946521519896,1
Baseline,Low,0.3,1.0,1.6,1.0,1,"(M,M)","(M,M)",0.0,0.6390946521519896,1
Baseline,Low,0.3,1.0,1.7,1.0,1,"(M,M)","(M,M)",0.0,0.6140946521519897,1
Baseline,Low,0.3,1.0,1.8,1.0,1,"(M,M)","(M,M)",0.0,0.5964416443287022,1
Baseline,Low,0.3,1.0,1.9,1.0,1,"(M,M)","(M,M)",0.0,0.5964416443287022,1
Baseline,Low,0.3,1.0,2.0,1.0,1,"(M,M)","(M,M)",0.0,0.5964416443287022,1
Baseline,Low,0.3,1.0,2.1,1.0,1,"(M,M)","(M,M)",0.0,0.5964416443287022,1
Baseline,Low,0.3,1.0,2.2,1.0,1,"(M,M)","(M,M)",0.0,0.5964416443287022,1
Baseline,Low,0.3,1.0,2.3,1.0,1,"(M,M)","(M,M)",0.0,0.5964416443287022,1
Baseline,Low,0.3,1.0,2.4,1.0,1,"(M,M)","(M,M)",0.0,0.5964416443287022,1
Baseline,Low,0.3,1.0,2.5,1.0,1,"(M,M)","(M,M)",0.0,0.5964416443287022,1
Baseline,Low,0.3,1.0,2.6,1.0,1,"(M,M)","(M,M)",0.0,0.5964416443287022,1
Baseline,Low,0.3,1.0,2.7,1.0,1,"(M,M)","(M,M)",0.0,0.5964416443287022,1
Baseline,Low,0.3,1.0,2.8,1.0,1,"(M,M)","(M,M)",0.0,0.5964416443287022,1
Baseline,Low,0.3,1.0,2.9,1.0,1,"(M,M)","(M,M)",0.0,0.5964416443287022,1
Baseline,Low,0.3,1.0,3.0,1.0,1,"(M,M)","(M,M)",0.0,0.5964416443287022,1
Baseline,Medium,0.6,1.0,1.1,1.0,1,"(P,M)","(P,P)",3.065154546021659,3.5890850294570185,2
Baseline,Medium,0.6,1.0,1.1,1.0,2,"(P,P)","(P,M)",3.0651545460216587,3.5890850294570185,2
Baseline,Medium,0.6,1.0,1.2,1.0,1,"(P,M)","(P,P)",3.015154546021659,3.4890850294570184,2
Baseline,Medium,0.6,1.0,1.2,1.0,2,"(P,P)","(P,M)",3.015154546021659,3.4890850294570184,2
Baseline,Medium,0.6,1.0,1.3,1.0,1,"(P,M)","(P,P)",2.965154546021659,3.3890850294570187,2
Baseline,Medium,0.6,1.0,1.3,1.0,2,"(P,P)","(P,M)",2.965154546021659,3.3890850294570187,2
Baseline,Medium,0.6,1.0,1.4,1.0,1,"(P,M)","(P,P)",2.9151545460216592,3.2890850294570186,2
Baseline,Medium,0.6,1.0,1.4,1.0,2,"(P,P)","(P,M)",2.9151545460216592,3.2890850294570186,2
Baseline,Medium,0.6,1.0,1.5,1.0,1,"(P,M)","(P,M)",2.1928832886574043,3.1890850294570185,1
Baseline,Medium,0.6,1.0,1.6,1.0,1,"(P,M)","(P,M)",2.1928832886574043,3.1390850294570187,1
Baseline,Medium,0.6,1.0,1.7,1.0,1,"(P,M)","(P,M)",2.1928832886574043,3.0890850294570185,1
Baseline,Medium,0.6,1.0,1.8,1.0,1,"(P,M)","(P,M)",2.1928832886574043,3.0390850294570186,1
Baseline,Medium,0.6,1.0,1.9,1.0,1,"(P,M)","(P,M)",2.1928832886574043,2.9890850294570184,1
Baseline,Medium,0.6,1.0,2.0,1.0,1,"(P,M)","(P,M)",2.1928832886574043,2.9390850294570185,1
Baseline,Medium,0.6,1.0,2.1,1.0,1,"(P,M)","(P,M)",2.1928832886574043,2.8890850294570187,1
Baseline,Medium,0.6,1.0,2.2,1.0,1,"(P,M)","(P,M)",2.1928832886574043,2.8521197877393387,1
Baseline,Medium,0.6,1.0,2.3,1.0,1,"(P,M)","(P,M)",2.1928832886574043,2.827119787739339,1
Baseline,Medium,0.6,1.0,2.4,1.0,1,"(P,M)","(P,M)",2.1928832886574043,2.802119787739339,1
Baseline,Medium,0.6,1.0,2.5,1.0,1,"(P,M)","(P,M)",2.1928832886574043,2.7771197877393385,1
Baseline,Medium,0.6,1.0,2.6,1.0,1,"(P,M)","(P,M)",2.1928832886574043,2.7521197877393386,1
Baseline,Medium,0.6,1.0,2.7,1.0,1,"(P,M)","(P,M)",2.1928832886574043,2.7271197877393387,1
Baseline,Medium,0.6,1.0,2.8,1.0,1,"(P,M)","(P,M)",2.1928832886574043,2.702119787739339,1
Baseline,Medium,0.6,1.0,2.9,1.0,1,"(P,M)","(P,M)",2.1928832886574043,2.677119787739339,1
Baseline,Medium,0.6,1.0,3.0,1.0,1,"(P,M)","(P,M)",2.1928832886574043,2.6521197877393385,1
Baseline,High,1.0,1.0,1.1,1.0,1,"(P,P)","(P,P)",7.381808382428366,8.015547597773553,1
Baseline,High,1.0,1.0,1.2,1.0,1,"(P,P)","(P,P)",7.281808382428366,7.878047597773552,1
Baseline,High,1.0,1.0,1.3,1.0,1,"(P,P)","(P,P)",7.181808382428365,7.740547597773553,1
Baseline,High,1.0,1.0,1.4,1.0,1,"(P,P)","(P,P)",7.081808382428365,7.6030475977735525,1
Baseline,High,1.0,1.0,1.5,1.0,1,"(P,P)","(P,P)",6.981808382428365,7.485237793937255,1
Baseline,High,1.0,1.0,1.6,1.0,1,"(P,P)","(P,P)",6.881808382428366,7.3852377939372555,1
Baseline,High,1.0,1.0,1.7,1.0,1,"(P,P)","(P,P)",6.781808382428366,7.285237793937256,1
Baseline,High,1.0,1.0,1.8,1.0,1,"(P,M)","(P,P)",5.791924243369431,7.185237793937256,2
Baseline,High,1.0,1.0,1.8,1.0,2,"(P,P)","(P,M)",5.791924243369431,7.185237793937256,2
Baseline,High,1.0,1.0,1.9,1.0,1,"(P,M)","(P,P)",5.741924243369432,7.085237793937256,2
Baseline,High,1.0,1.0,1.9,1.0,2,"(P,P)","(P,M)",5.741924243369431,7.085237793937256,2
Baseline,High,1.0,1.0,2.0,1.0,1,"(P,M)","(P,P)",5.6919242433694315,6.985237793937255,2
Baseline,High,1.0,1.0,2.0,1.0,2,"(P,P)","(P,M)",5.6919242433694315,6.985237793937255,2
Baseline,High,1.0,1.0,2.1,1.0,1,"(P,M)","(P,P)",5.6419242433694325,6.8852377939372555,2
Baseline,High,1.0,1.0,2.1,1.0,2,"(P,P)","(P,M)",5.6419242433694325,6.8852377939372555,2
Baseline,High,1.0,1.0,2.2,1.0,1,"(P,M)","(P,P)",5.591924243369432,6.799618186264662,2
Baseline,High,1.0,1.0,2.2,1.0,2,"(P,P)","(P,M)",5.591924243369432,6.799618186264662,2
Baseline,High,1.0,1.0,2.3,1.0,1,"(P,M)","(P,P)",5.541924243369431,6.749618186264662,2
Baseline,High,1.0,1.0,2.3,1.0,2,"(P,P)","(P,M)",5.541924243369431,6.749618186264662,2
Baseline,High,1.0,1.0,2.4,1.0,1,"(P,M)","(P,M)",4.32147214776234,6.699618186264662,1
Baseline,High,1.0,1.0,2.5,1.0,1,"(P,M)","(P,M)",4.32147214776234,6.649618186264663,1
Baseline,High,1.0,1.0,2.6,1.0,1,"(P,M)","(P,M)",4.32147214776234,6.599618186264662,1
Baseline,High,1.0,1.0,2.7,1.0,1,"(P,M)","(P,M)",4.32147214776234,6.549618186264662,1
Baseline,High,1.0,1.0,2.8,1.0,1,"(P,M)","(P,M)",4.32147214776234,6.499618186264662,1
Baseline,High,1.0,1.0,2.9,1.0,1,"(P,M)","(P,M)",4.32147214776234,6.449618186264662,1
Baseline,High,1.0,1.0,3.0,1.0,1,"(P,M)","(P,M)",4.32147214776234,6.399618186264663,1
CCAR,Low,0.3,1.0,1.1,0.7,1,"(M,M)","(M,M)",0.0,0.7640946521519896,1
CCAR,Low,0.3,1.0,1.2,0.7,1,"(M,M)","(M,M)",0.0,0.7390946521519897,1
CCAR,Low,0.3,1.0,1.3,0.7,1,"(M,M)","(M,M)",0.0,0.7140946521519895,1
CCAR,Low,0.3,1.0,1.4,0.7,1,"(M,M)","(M,M)",0.0,0.6890946521519896,1
CCAR,Low,0.3,1.0,1.5,0.7,1,"(M,M)","(M,M)",0.0,0.6640946521519896,1
CCAR,Low,0.3,1.0,1.6,0.7,1,"(M,M)","(M,M)",0.0,0.6390946521519896,1
CCAR,Low,0.3,1.0,1.7,0.7,1,"(M,M)","(M,M)",0.0,0.6140946521519897,1
CCAR,Low,0.3,1.0,1.8,0.7,1,"(M,M)","(M,M)",0.0,0.5964416443287022,1
CCAR,Low,0.3,1.0,1.9,0.7,1,"(M,M)","(M,M)",0.0,0.5964416443287022,1
CCAR,Low,0.3,1.0,2.0,0.7,1,"(M,M)","(M,M)",0.0,0.5964416443287022,1
CCAR,Low,0.3,1.0,2.1,0.7,1,"(M,M)","(M,M)",0.0,0.5964416443287022,1
CCAR,Low,0.3,1.0,2.2,0.7,1,"(M,M)","(M,M)",0.0,0.5964416443287022,1
CCAR,Low,0.3,1.0,2.3,0.7,1,"(M,M)","(M,M)",0.0,0.5964416443287022,1
CCAR,Low,0.3,1.0,2.4,0.7,1,"(M,M)","(M,M)",0.0,0.5964416443287022,1
CCAR,Low,0.3,1.0,2.5,0.7,1,"(M,M)","(M,M)",0.0,0.5964416443287022,1
CCAR,Low,0.3,1.0,2.6,0.7,1,"(M,M)","(M,M)",0.0,0.5964416443287022,1
CCAR,Low,0.3,1.0,2.7,0.7,1,"(M,M)","(M,M)",0.0,0.5964416443287022,1
CCAR,Low,0.3,1.0,2.8,0.7,1,"(M,M)","(M,M)",0.0,0.5964416443287022,1
CCAR,Low,0.3,1.0,2.9,0.7,1,"(M,M)","(M,M)",0.0,0.5964416443287022,1
CCAR,Low,0.3,1.0,3.0,0.7,1,"(M,M)","(M,M)",0.0,0.5964416443287022,1
CCAR,Medium,0.6,1.0,1.1,0.7,1,"(P,P)","(P,P)",3.589085029457019,3.5890850294570185,1
CCAR,Medium,0.6,1.0,1.2,0.7,1,"(P,P)","(P,P)",3.4890850294570184,3.4890850294570184,1
CCAR,Medium,0.6,1.0,1.3,0.7,1,"(P,P)","(P,P)",3.3890850294570187,3.3890850294570187,1
CCAR,Medium,0.6,1.0,1.4,0.7,1,"(P,P)","(P,P)",3.289085029457018,3.2890850294570186,1
CCAR,Medium,0.6,1.0,1.5,0.7,1,"(P,P)","(P,P)",3.1890850294570185,3.1890850294570185,1
CCAR,Medium,0.6,1.0,1.6,0.7,1,"(P,P)","(P,P)",3.089085029457019,3.1390850294570187,1
CCAR,Medium,0.6,1.0,1.7,0.7,1,"(P,M)","(P,M)",2.1928832886574043,3.0890850294570185,1
CCAR,Medium,0.6,1.0,1.8,0.7,1,"(P,M)","(P,M)",2.1928832886574043,3.0390850294570186,1
CCAR,Medium,0.6,1.0,1.9,0.7,1,"(P,M)","(P,M)",2.1928832886574043,2.9890850294570184,1
CCAR,Medium,0.6,1.0,2.0,0.7,1,"(P,M)","(P,M)",2.1928832886574043,2.9390850294570185,1
CCAR,Medium,0.6,1.0,2.1,0.7,1,"(P,M)","(P,M)",2.1928832886574043,2.8890850294570187,1
CCAR,Medium,0.6,1.0,2.2,0.7,1,"(P,M)","(P,M)",2.1928832886574043,2.8521197877393387,1
CCAR,Medium,0.6,1.0,2.3,0.7,1,"(P,M)","(P,M)",2.1928832886574043,2.827119787739339,1
CCAR,Medium,0.6,1.0,2.4,0.7,1,"(P,M)","(P,M)",2.1928832886574043,2.802119787739339,1
CCAR,Medium,0.6,1.0,2.5,0.7,1,"(P,M)","(P,M)",2.1928832886574043,2.7771197877393385,1
CCAR,Medium,0.6,1.0,2.6,0.7,1,"(P,M)","(P,M)",2.1928832886574043,2.7521197877393386,1
CCAR,Medium,0.6,1.0,2.7,0.7,1,"(P,M)","(P,M)",2.1928832886574043,2.7271197877393387,1
CCAR,Medium,0.6,1.0,2.8,0.7,1,"(P,M)","(P,M)",2.1928832886574043,2.702119787739339,1
CCAR,Medium,0.6,1.0,2.9,0.7,1,"(P,M)","(P,M)",2.1928832886574043,2.677119787739339,1
CCAR,Medium,0.6,1.0,3.0,0.7,1,"(P,M)","(P,M)",2.1928832886574043,2.6521197877393385,1
CCAR,High,1.0,1.0,1.1,0.7,1,"(P,P)","(P,P)",7.381808382428366,8.015547597773553,1
CCAR,High,1.0,1.0,1.2,0.7,1,"(P,P)","(P,P)",7.281808382428366,7.878047597773552,1
CCAR,High,1.0,1.0,1.3,0.7,1,"(P,P)","(P,P)",7.181808382428365,7.740547597773553,1
CCAR,High,1.0,1.0,1.4,0.7,1,"(P,P)","(P,P)",7.081808382428365,7.6030475977735525,1
CCAR,High,1.0,1.0,1.5,0.7,1,"(P,P)","(P,P)",6.981808382428365,7.485237793937255,1
CCAR,High,1.0,1.0,1.6,0.7,1,"(P,P)","(P,P)",6.881808382428366,7.3852377939372555,1
CCAR,High,1.0,1.0,1.7,0.7,1,"(P,P)","(P,P)",6.781808382428366,7.285237793937256,1
CCAR,High,1.0,1.0,1.8,0.7,1,"(P,P)","(P,P)",6.681808382428365,7.185237793937256,1
CCAR,High,1.0,1.0,1.9,0.7,1,"(P,P)","(P,P)",6.581808382428365,7.085237793937256,1
CCAR,High,1.0,1.0,2.0,0.7,1,"(P,P)","(P,P)",6.481808382428365,6.985237793937255,1
CCAR,High,1.0,1.0,2.1,0.7,1,"(P,P)","(P,P)",6.381808382428366,6.8852377939372555,1
CCAR,High,1.0,1.0,2.2,0.7,1,"(P,P)","(P,P)",6.281808382428366,6.799618186264662,1
CCAR,High,1.0,1.0,2.3,0.7,1,"(P,P)","(P,P)",6.181808382428365,6.749618186264662,1
CCAR,High,1.0,1.0,2.4,0.7,1,"(P,P)","(P,P)",6.081808382428365,6.699618186264662,1
CCAR,High,1.0,1.0,2.5,0.7,1,"(P,P)","(P,P)",5.981808382428365,6.649618186264663,1
CCAR,High,1.0,1.0,2.6,0.7,1,"(P,P)","(P,P)",5.881808382428366,6.599618186264662,1
CCAR,High,1.0,1.0,2.7,0.7,1,"(P,M)","(P,P)",5.341924243369432,6.549618186264662,2
CCAR,High,1.0,1.0,2.7,0.7,2,"(P,P)","(P,M)",5.341924243369432,6.549618186264662,2
CCAR,High,1.0,1.0,2.8,0.7,1,"(P,M)","(P,P)",5.291924243369431,6.499618186264662,2
CCAR,High,1.0,1.0,2.8,0.7,2,"(P,P)","(P,M)",5.291924243369431,6.499618186264662,2
CCAR,High,1.0,1.0,2.9,0.7,1,"(P,M)","(P,M)",4.32147214776234,6.449618186264662,1
CCAR,High,1.0,1.0,3.0,0.7,1,"(P,M)","(P,M)",4.32147214776234,6.399618186264663,1
