Congestion,d,type_A,type_B,maximizing_profiles,number_of_tied_maximizers,first_best_welfare
Low,0.3,L,L,"(P,P)",1,0.8445425147285093
Low,0.3,L,H,"(P,M)",1,0.7706120312931497
Low,0.3,H,L,"(M,P)",1,0.7706120312931497
Low,0.3,H,H,"(M,P);(P,M)",2,0.1706120312931496
Medium,0.6,L,L,"(P,P)",1,3.6890850294570185
Medium,0.6,L,H,"(F,M)",1,3.1890850294570185
Medium,0.6,H,L,"(M,F)",1,3.1890850294570185
Medium,0.6,H,H,"(P,P)",1,2.4890850294570184
High,1.0,L,L,"(P,F);(F,P)",2,8.153047597773552
High,1.0,L,H,"(F,P)",1,7.553047597773552
High,1.0,H,L,"(P,F)",1,7.553047597773552
High,1.0,H,H,"(P,P)",1,6.281808382428365
