Mechanism,Congestion,d,k_F,Equilibrium index,"A strategy (L,H)","B strategy (L,H)",Full appears in equilibrium,Full is a best response somewhere,Underlying expected welfare,Number of pure BNE
Baseline,Low,0.3,1.2,1,"(M,M)","(F,M)",True,True,0.8222712573642547,2
Baseline,Low,0.3,1.2,2,"(F,M)","(M,M)",True,True,0.8222712573642547,2
Baseline,Low,0.3,1.3,1,"(M,M)","(F,M)",True,True,0.7722712573642546,2
Baseline,Low,0.3,1.3,2,"(F,M)","(M,M)",True,True,0.7722712573642546,2
Baseline,Low,0.3,1.4,1,"(M,M)","(F,M)",True,True,0.7222712573642547,2
Baseline,Low,0.3,1.4,2,"(F,M)","(M,M)",True,True,0.7222712573642547,2
Baseline,Low,0.3,1.5,1,"(M,M)","(M,M)",False,False,0.0,1
Baseline,Low,0.3,1.6,1,"(M,M)","(M,M)",False,False,0.0,1
Baseline,Low,0.3,1.7,1,"(M,M)","(M,M)",False,False,0.0,1
Baseline,Low,0.3,1.8,1,"(M,M)","(M,M)",False,False,0.0,1
Baseline,Low,0.3,1.9,1,"(M,M)","(M,M)",False,False,0.0,1
Baseline,Low,0.3,2.0,1,"(M,M)","(M,M)",False,False,0.0,1
Baseline,Low,0.3,2.1,1,"(M,M)","(M,M)",False,False,0.0,1
Baseline,Low,0.3,2.2,1,"(M,M)","(M,M)",False,False,0.0,1
Baseline,Low,0.3,2.3,1,"(M,M)","(M,M)",False,False,0.0,1
Baseline,Low,0.3,2.4,1,"(M,M)","(M,M)",False,False,0.0,1
Baseline,Low,0.3,2.5,1,"(M,M)","(M,M)",False,False,0.0,1
Baseline,Low,0.3,2.6,1,"(M,M)","(M,M)",False,False,0.0,1
Baseline,Low,0.3,2.7,1,"(M,M)","(M,M)",False,False,0.0,1
Baseline,Low,0.3,2.8,1,"(M,M)","(M,M)",False,False,0.0,1
Baseline,Low,0.3,2.9,1,"(M,M)","(M,M)",False,False,0.0,1
Baseline,Low,0.3,3.0,1,"(M,M)","(M,M)",False,False,0.0,1
Baseline,Low,0.3,3.1,1,"(M,M)","(M,M)",False,False,0.0,1
Baseline,Low,0.3,3.2,1,"(M,M)","(M,M)",False,False,0.0,1
Baseline,Low,0.3,3.3,1,"(M,M)","(M,M)",False,False,0.0,1
Baseline,Low,0.3,3.4,1,"(M,M)","(M,M)",False,False,0.0,1
Baseline,Low,0.3,3.5,1,"(M,M)","(M,M)",False,False,0.0,1
Baseline,Medium,0.6,1.2,1,"(M,M)","(F,F)",True,True,4.129085029457018,2
Baseline,Medium,0.6,1.2,2,"(F,F)","(M,M)",True,True,4.129085029457018,2
Baseline,Medium,0.6,1.3,1,"(M,M)","(F,F)",True,True,3.9990850294570186,3
Baseline,Medium,0.6,1.3,2,"(F,M)","(F,M)",True,True,3.4900381274461303,3
Baseline,Medium,0.6,1.3,3,"(F,F)","(M,M)",True,True,3.9990850294570186,3
Baseline,Medium,0.6,1.4,1,"(M,M)","(F,F)",True,True,3.8690850294570183,3
Baseline,Medium,0.6,1.4,2,"(F,M)","(F,M)",True,True,3.3900381274461306,3
Baseline,Medium,0.6,1.4,3,"(F,F)","(M,M)",True,True,3.8690850294570183,3
Baseline,Medium,0.6,1.5,1,"(M,M)","(F,F)",True,True,3.7390850294570184,3
Baseline,Medium,0.6,1.5,2,"(F,M)","(F,M)",True,True,3.290038127446131,3
Baseline,Medium,0.6,1.5,3,"(F,F)","(M,M)",True,True,3.7390850294570184,3
Baseline,Medium,0.6,1.6,1,"(M,M)","(F,F)",True,True,3.6090850294570185,3
Baseline,Medium,0.6,1.6,2,"(F,M)","(F,M)",True,True,3.190038127446131,3
Baseline,Medium,0.6,1.6,3,"(F,F)","(M,M)",True,True,3.6090850294570185,3
Baseline,Medium,0.6,1.7,1,"(M,M)","(F,P)",True,True,2.9651545460216586,3
Baseline,Medium,0.6,1.7,2,"(F,M)","(F,M)",True,True,3.090038127446131,3
Baseline,Medium,0.6,1.7,3,"(F,P)","(M,M)",True,True,2.9651545460216586,3
Baseline,Medium,0.6,1.8,1,"(M,M)","(F,P)",True,True,2.915154546021659,4
Baseline,Medium,0.6,1.8,2,"(P,M)","(F,M)",True,True,2.6555344126768627,4
Baseline,Medium,0.6,1.8,3,"(F,M)","(P,M)",True,True,2.6555344126768627,4
Baseline,Medium,0.6,1.8,4,"(F,P)","(M,M)",True,True,2.915154546021659,4
Baseline,Medium,0.6,1.9,1,"(M,M)","(F,P)",True,True,2.865154546021659,3
Baseline,Medium,0.6,1.9,2,"(P,M)","(P,M)",False,True,2.1928832886574043,3
Baseline,Medium,0.6,1.9,3,"(F,P)","(M,M)",True,True,2.865154546021659,3
Baseline,Medium,0.6,2.0,1,"(M,M)","(F,P)",True,True,2.8151545460216587,3
Baseline,Medium,0.6,2.0,2,"(P,M)","(P,M)",False,True,2.1928832886574043,3
Baseline,Medium,0.6,2.0,3,"(F,P)","(M,M)",True,True,2.8151545460216587,3
Baseline,Medium,0.6,2.1,1,"(P,M)","(P,M)",False,False,2.1928832886574043,1
Baseline,Medium,0.6,2.2,1,"(P,M)","(P,M)",False,False,2.1928832886574043,1
Baseline,Medium,0.6,2.3,1,"(P,M)","(P,M)",False,False,2.1928832886574043,1
Baseline,Medium,0.6,2.4,1,"(P,M)","(P,M)",False,False,2.1928832886574043,1
Baseline,Medium,0.6,2.5,1,"(P,M)","(P,M)",False,False,2.1928832886574043,1
Baseline,Medium,0.6,2.6,1,"(P,M)","(P,M)",False,False,2.1928832886574043,1
Baseline,Medium,0.6,2.7,1,"(P,M)","(P,M)",False,False,2.1928832886574043,1
Baseline,Medium,0.6,2.8,1,"(P,M)","(P,M)",False,False,2.1928832886574043,1
Baseline,Medium,0.6,2.9,1,"(P,M)","(P,M)",False,False,2.1928832886574043,1
Baseline,Medium,0.6,3.0,1,"(P,M)","(P,M)",False,False,2.1928832886574043,1
Baseline,Medium,0.6,3.1,1,"(P,M)","(P,M)",False,False,2.1928832886574043,1
Baseline,Medium,0.6,3.2,1,"(P,M)","(P,M)",False,False,2.1928832886574043,1
Baseline,Medium,0.6,3.3,1,"(P,M)","(P,M)",False,False,2.1928832886574043,1
Baseline,Medium,0.6,3.4,1,"(P,M)","(P,M)",False,False,2.1928832886574043,1
Baseline,Medium,0.6,3.5,1,"(P,M)","(P,M)",False,False,2.1928832886574043,1
Baseline,High,1.0,1.2,1,"(F,M)","(F,F)",True,True,9.065889566939587,2
Baseline,High,1.0,1.2,2,"(F,F)","(F,M)",True,True,9.065889566939587,2
Baseline,High,1.0,1.3,1,"(F,M)","(F,F)",True,True,8.885889566939587,2
Baseline,High,1.0,1.3,2,"(F,F)","(F,M)",True,True,8.885889566939587,2
Baseline,High,1.0,1.4,1,"(F,M)","(F,F)",True,True,8.705889566939588,2
Baseline,High,1.0,1.4,2,"(F,F)","(F,M)",True,True,8.705889566939588,2
Baseline,High,1.0,1.5,1,"(F,M)","(F,F)",True,True,8.525889566939588,2
Baseline,High,1.0,1.5,2,"(F,F)","(F,M)",True,True,8.525889566939586,2
Baseline,High,1.0,1.6,1,"(F,M)","(F,F)",True,True,8.345889566939588,2
Baseline,High,1.0,1.6,2,"(F,F)","(F,M)",True,True,8.345889566939587,2
Baseline,High,1.0,1.7,1,"(P,M)","(F,F)",True,True,7.857427990100959,2
Baseline,High,1.0,1.7,2,"(F,F)","(P,M)",True,True,7.857427990100959,2
Baseline,High,1.0,1.8,1,"(P,M)","(F,F)",True,True,7.727427990100958,4
Baseline,High,1.0,1.8,2,"(F,M)","(F,P)",True,True,7.401716708990806,4
Baseline,High,1.0,1.8,3,"(F,P)","(F,M)",True,True,7.401716708990806,4
Baseline,High,1.0,1.8,4,"(F,F)","(P,M)",True,True,7.727427990100958,4
Baseline,High,1.0,1.9,1,"(P,M)","(F,P)",True,True,6.879676116735196,2
Baseline,High,1.0,1.9,2,"(F,P)","(P,M)",True,True,6.879676116735196,2
Baseline,High,1.0,2.0,1,"(P,M)","(F,P)",True,True,6.829676116735195,2
Baseline,High,1.0,2.0,2,"(F,P)","(P,M)",True,True,6.829676116735197,2
Baseline,High,1.0,2.1,1,"(P,M)","(F,P)",True,True,6.779676116735196,3
Baseline,High,1.0,2.1,2,"(P,P)","(P,P)",False,True,6.881808382428366,3
Baseline,High,1.0,2.1,3,"(F,P)","(P,M)",True,True,6.779676116735196,3
Baseline,High,1.0,2.2,1,"(P,M)","(F,P)",True,True,6.729676116735195,3
Baseline,High,1.0,2.2,2,"(P,P)","(P,P)",False,True,6.881808382428366,3
Baseline,High,1.0,2.2,3,"(F,P)","(P,M)",True,True,6.729676116735195,3
Baseline,High,1.0,2.3,1,"(P,M)","(F,P)",True,True,6.679676116735196,3
Baseline,High,1.0,2.3,2,"(P,P)","(P,P)",False,True,6.881808382428366,3
Baseline,High,1.0,2.3,3,"(F,P)","(P,M)",True,True,6.679676116735196,3
Baseline,High,1.0,2.4,1,"(P,M)","(F,P)",True,True,6.629676116735196,3
Baseline,High,1.0,2.4,2,"(P,P)","(P,P)",False,True,6.881808382428366,3
Baseline,High,1.0,2.4,3,"(F,P)","(P,M)",True,True,6.629676116735196,3
Baseline,High,1.0,2.5,1,"(P,P)","(P,P)",False,True,6.881808382428366,1
Baseline,High,1.0,2.6,1,"(P,P)","(P,P)",False,True,6.881808382428366,1
Baseline,High,1.0,2.7,1,"(P,P)","(P,P)",False,True,6.881808382428366,1
Baseline,High,1.0,2.8,1,"(P,P)","(P,P)",False,False,6.881808382428366,1
Baseline,High,1.0,2.9,1,"(P,P)","(P,P)",False,False,6.881808382428366,1
Baseline,High,1.0,3.0,1,"(P,P)","(P,P)",False,False,6.881808382428366,1
Baseline,High,1.0,3.1,1,"(P,P)","(P,P)",False,False,6.881808382428366,1
Baseline,High,1.0,3.2,1,"(P,P)","(P,P)",False,False,6.881808382428366,1
Baseline,High,1.0,3.3,1,"(P,P)","(P,P)",False,False,6.881808382428366,1
Baseline,High,1.0,3.4,1,"(P,P)","(P,P)",False,False,6.881808382428366,1
Baseline,High,1.0,3.5,1,"(P,P)","(P,P)",False,False,6.881808382428366,1
CCAR,Low,0.3,1.2,1,"(M,M)","(F,M)",True,True,0.8222712573642547,2
CCAR,Low,0.3,1.2,2,"(F,M)","(M,M)",True,True,0.8222712573642547,2
CCAR,Low,0.3,1.3,1,"(M,M)","(F,M)",True,True,0.7722712573642546,2
CCAR,Low,0.3,1.3,2,"(F,M)","(M,M)",True,True,0.7722712573642546,2
CCAR,Low,0.3,1.4,1,"(M,M)","(F,M)",True,True,0.7222712573642547,2
CCAR,Low,0.3,1.4,2,"(F,M)","(M,M)",True,True,0.7222712573642547,2
CCAR,Low,0.3,1.5,1,"(M,M)","(M,M)",False,False,0.0,1
CCAR,Low,0.3,1.6,1,"(M,M)","(M,M)",False,False,0.0,1
CCAR,Low,0.3,1.7,1,"(M,M)","(M,M)",False,False,0.0,1
CCAR,Low,0.3,1.8,1,"(M,M)","(M,M)",False,False,0.0,1
CCAR,Low,0.3,1.9,1,"(M,M)","(M,M)",False,False,0.0,1
CCAR,Low,0.3,2.0,1,"(M,M)","(M,M)",False,False,0.0,1
CCAR,Low,0.3,2.1,1,"(M,M)","(M,M)",False,False,0.0,1
CCAR,Low,0.3,2.2,1,"(M,M)","(M,M)",False,False,0.0,1
CCAR,Low,0.3,2.3,1,"(M,M)","(M,M)",False,False,0.0,1
CCAR,Low,0.3,2.4,1,"(M,M)","(M,M)",False,False,0.0,1
CCAR,Low,0.3,2.5,1,"(M,M)","(M,M)",False,False,0.0,1
CCAR,Low,0.3,2.6,1,"(M,M)","(M,M)",False,False,0.0,1
CCAR,Low,0.3,2.7,1,"(M,M)","(M,M)",False,False,0.0,1
CCAR,Low,0.3,2.8,1,"(M,M)","(M,M)",False,False,0.0,1
CCAR,Low,0.3,2.9,1,"(M,M)","(M,M)",False,False,0.0,1
CCAR,Low,0.3,3.0,1,"(M,M)","(M,M)",False,False,0.0,1
CCAR,Low,0.3,3.1,1,"(M,M)","(M,M)",False,False,0.0,1
CCAR,Low,0.3,3.2,1,"(M,M)","(M,M)",False,False,0.0,1
CCAR,Low,0.3,3.3,1,"(M,M)","(M,M)",False,False,0.0,1
CCAR,Low,0.3,3.4,1,"(M,M)","(M,M)",False,False,0.0,1
CCAR,Low,0.3,3.5,1,"(M,M)","(M,M)",False,False,0.0,1
CCAR,Medium,0.6,1.2,1,"(F,M)","(F,F)",True,True,4.575533740163753,2
CCAR,Medium,0.6,1.2,2,"(F,F)","(F,M)",True,True,4.575533740163753,2
CCAR,Medium,0.6,1.3,1,"(F,M)","(F,F)",True,True,4.395533740163753,2
CCAR,Medium,0.6,1.3,2,"(F,F)","(F,M)",True,True,4.395533740163752,2
CCAR,Medium,0.6,1.4,1,"(P,M)","(F,F)",True,True,4.020456794060575,2
CCAR,Medium,0.6,1.4,2,"(F,F)","(P,M)",True,True,4.020456794060575,2
CCAR,Medium,0.6,1.5,1,"(P,M)","(F,F)",True,True,3.890456794060575,4
CCAR,Medium,0.6,1.5,2,"(F,M)","(F,P)",True,True,3.7010300253944837,4
CCAR,Medium,0.6,1.5,3,"(F,P)","(F,M)",True,True,3.701030025394484,4
CCAR,Medium,0.6,1.5,4,"(F,F)","(P,M)",True,True,3.890456794060575,4
CCAR,Medium,0.6,1.6,1,"(P,M)","(F,P)",True,True,3.377805670041117,2
CCAR,Medium,0.6,1.6,2,"(F,P)","(P,M)",True,True,3.377805670041117,2
CCAR,Medium,0.6,1.7,1,"(P,M)","(F,P)",True,True,3.327805670041117,3
CCAR,Medium,0.6,1.7,2,"(P,P)","(P,P)",False,True,3.089085029457019,3
CCAR,Medium,0.6,1.7,3,"(F,P)","(P,M)",True,True,3.327805670041117,3
CCAR,Medium,0.6,1.8,1,"(P,M)","(F,P)",True,True,3.277805670041117,3
CCAR,Medium,0.6,1.8,2,"(P,P)","(P,P)",False,True,3.089085029457019,3
CCAR,Medium,0.6,1.8,3,"(F,P)","(P,M)",True,True,3.277805670041117,3
CCAR,Medium,0.6,1.9,1,"(P,P)","(P,P)",False,True,3.089085029457019,1
CCAR,Medium,0.6,2.0,1,"(P,P)","(P,P)",False,True,3.089085029457019,1
CCAR,Medium,0.6,2.1,1,"(P,P)","(P,P)",False,False,3.089085029457019,1
CCAR,Medium,0.6,2.2,1,"(P,P)","(P,P)",False,False,3.089085029457019,1
CCAR,Medium,0.6,2.3,1,"(P,P)","(P,P)",False,False,3.089085029457019,1
CCAR,Medium,0.6,2.4,1,"(P,P)","(P,P)",False,False,3.089085029457019,1
CCAR,Medium,0.6,2.5,1,"(P,P)","(P,P)",False,False,3.089085029457019,1
CCAR,Medium,0.6,2.6,1,"(P,P)","(P,P)",False,False,3.089085029457019,1
CCAR,Medium,0.6,2.7,1,"(P,P)","(P,P)",False,False,3.089085029457019,1
CCAR,Medium,0.6,2.8,1,"(P,P)","(P,P)",False,False,3.089085029457019,1
CCAR,Medium,0.6,2.9,1,"(P,P)","(P,P)",False,False,3.089085029457019,1
CCAR,Medium,0.6,3.0,1,"(P,P)","(P,P)",False,False,3.089085029457019,1
CCAR,Medium,0.6,3.1,1,"(P,P)","(P,P)",False,False,3.089085029457019,1
CCAR,Medium,0.6,3.2,1,"(P,P)","(P,P)",False,False,3.089085029457019,1
CCAR,Medium,0.6,3.3,1,"(P,P)","(P,P)",False,False,3.089085029457019,1
CCAR,Medium,0.6,3.4,1,"(P,P)","(P,P)",False,False,3.089085029457019,1
CCAR,Medium,0.6,3.5,1,"(P,P)","(P,P)",False,False,3.089085029457019,1
CCAR,High,1.0,1.2,1,"(F,F)","(F,F)",True,True,9.849970751450808,1
CCAR,High,1.0,1.3,1,"(F,F)","(F,F)",True,True,9.58997075145081,1
CCAR,High,1.0,1.4,1,"(F,F)","(F,F)",True,True,9.329970751450809,1
CCAR,High,1.0,1.5,1,"(F,P)","(F,F)",True,True,8.811509174612182,2
CCAR,High,1.0,1.5,2,"(F,F)","(F,P)",True,True,8.81150917461218,2
CCAR,High,1.0,1.6,1,"(F,P)","(F,P)",True,True,8.239468582356569,1
CCAR,High,1.0,1.7,1,"(F,P)","(F,P)",True,True,8.13946858235657,1
CCAR,High,1.0,1.8,1,"(F,P)","(F,P)",True,True,8.03946858235657,1
CCAR,High,1.0,1.9,1,"(P,P)","(F,P)",True,True,7.517427990100959,2
CCAR,High,1.0,1.9,2,"(F,P)","(P,P)",True,True,7.517427990100959,2
CCAR,High,1.0,2.0,1,"(P,P)","(F,P)",True,True,7.467427990100959,2
CCAR,High,1.0,2.0,2,"(F,P)","(P,P)",True,True,7.46742799010096,2
CCAR,High,1.0,2.1,1,"(P,P)","(P,P)",False,True,6.881808382428366,1
CCAR,High,1.0,2.2,1,"(P,P)","(P,P)",False,True,6.881808382428366,1
CCAR,High,1.0,2.3,1,"(P,P)","(P,P)",False,True,6.881808382428366,1
CCAR,High,1.0,2.4,1,"(P,P)","(P,P)",False,True,6.881808382428366,1
CCAR,High,1.0,2.5,1,"(P,P)","(P,P)",False,True,6.881808382428366,1
CCAR,High,1.0,2.6,1,"(P,P)","(P,P)",False,True,6.881808382428366,1
CCAR,High,1.0,2.7,1,"(P,P)","(P,P)",False,True,6.881808382428366,1
CCAR,High,1.0,2.8,1,"(P,P)","(P,P)",False,False,6.881808382428366,1
CCAR,High,1.0,2.9,1,"(P,P)","(P,P)",False,False,6.881808382428366,1
CCAR,High,1.0,3.0,1,"(P,P)","(P,P)",False,False,6.881808382428366,1
CCAR,High,1.0,3.1,1,"(P,P)","(P,P)",False,False,6.881808382428366,1
CCAR,High,1.0,3.2,1,"(P,P)","(P,P)",False,False,6.881808382428366,1
CCAR,High,1.0,3.3,1,"(P,P)","(P,P)",False,False,6.881808382428366,1
CCAR,High,1.0,3.4,1,"(P,P)","(P,P)",False,False,6.881808382428366,1
CCAR,High,1.0,3.5,1,"(P,P)","(P,P)",False,False,6.881808382428366,1
