type_pair,congestion,action_A,action_B,payoff_A,payoff_B
L/L,Medium,M,M,0.0,0.0
L/L,Medium,M,P,1.7706120312931497,0.7706120312931497
L/L,Medium,M,F,2.8445425147285093,0.3445425147285093
L/L,Medium,P,M,0.7706120312931497,1.7706120312931497
L/L,Medium,P,P,1.8445425147285093,1.8445425147285093
L/L,Medium,P,F,2.495914279332066,0.9959142793320659
L/L,Medium,F,M,0.3445425147285093,2.8445425147285093
L/L,Medium,F,P,0.9959142793320659,2.495914279332066
L/L,Medium,F,F,1.390991225435243,1.390991225435243
L/H,Medium,M,M,0.0,0.0
L/H,Medium,M,P,1.7706120312931497,0.1706120312931496
L/H,Medium,M,F,2.8445425147285093,-1.1554574852714907
L/H,Medium,P,M,0.7706120312931497,1.7706120312931497
L/H,Medium,P,P,1.8445425147285093,1.2445425147285092
L/H,Medium,P,F,2.495914279332066,-0.5040857206679341
L/H,Medium,F,M,0.3445425147285093,2.8445425147285093
L/H,Medium,F,P,0.9959142793320659,1.8959142793320658
L/H,Medium,F,F,1.390991225435243,-0.109008774564757
